Column1,Column2
14.013908175235912,5.752371760221086
23.977651485379162,8.457548016274389
42.76516715863078,11.119007512145155
62.47850498374692,13.623825011016171
75.84935793330594,11.20598322939434
79.42022662390085,9.465684906492912
70.97484700142398,6.804741414727292
0.12947527214510202,0.005687474609630827
