Column1,Column2,Column3
0.017463999999999997,1.7585591377685417,0.7709423443334558
0.029999965999999996,2.8605814153490616,1.0347103540457696
0.045000007999999994,5.3387224583581006,1.4392490649148368
0.06000005,8.076668623020176,1.7828185060505795
0.074999974,9.47794887982697,1.4650087699469025
0.09000001599999999,9.902444954293488,1.2483203478393043
0.105000058,8.769951688286893,0.9076373341979251
0.11682,0.01207559346194209,0.0006615369099994899
